"discount","avg_profit"
"0.00","40.5047092584654951"
"0.10","72.4969067415730337"
"0.15","24.6799588235294118"
"0.20","16.4321761086474501"
"0.30","-43.2281626666666667"
"0.32","-88.5606555555555556"
"0.40","-100.4614427860696517"
"0.45","-226.6464636363636364"
"0.50","-197.5050403225806452"
"0.60","-43.0772115942028986"
"0.70","-72.2966319711538462"
"0.80","-101.7967973333333333"
